Review,Rating,Detected_Language,Translated_Review
Great restaurant with a classic Croatian touch. Easy locate this place and ample parking too. Big and spacious restaurant. Good helpful servers. Delicious food. Much come to try it. I’ll be back Recommended dishes Fish Soup,5.0,en,Odličan restoran s klasičnim hrvatskim dodirom.Lako pronađite ovo mjesto i dovoljno parkirališta.Veliki i prostrani restoran.Dobri korisni poslužitelji.Ukusna hrana.Mnogo toga dođi probati.Vratit ću se preporučeno jelo riblje juhe
"Hospitable, welcoming, good food, great value for money, a hidden gem in a corner of the Zagreb business center. The interior reminds of 1980s kitsch chic, but don't be put off by that, just enjoy!",5.0,en,"Gostoljubiva, ljubazna, dobra hrana, velika vrijednost za novac, skriveni dragulj u kutu poslovnog centra Zagreb.Unutrašnjost podsjeća na kič šik iz 1980 -ih, ali nemojte ga odbiti, samo uživajte!"
Reasonable price.! Nice ambiance  Ordered Prawns with Rice   Not enough if you are hungry..!,5.0,en,Razumna cijena.!Lijep ambijent naručio kozice s rižom nije dovoljno ako ste gladni ..!
Taste okay. Very clean restaurant,4.0,en,Okus u redu.Vrlo čist restoran
"It was a perfectly well catered wedding, lots of space on the dance floor, unimposing yet efficient staff, good food",5.0,en,"Bilo je to savršeno dobro ugodno vjenčanje, puno prostora na plesnom podiju, neuporedivo, ali učinkovito osoblje, dobra hrana"
Moroccan food  very tasty,5.0,en,Marokanska hrana vrlo ukusna
Very nice menu selection at medium buget price. Soup and nice salad always included. Really fast service without big queues.,4.0,en,Vrlo lijep izbor izbornika po srednjoj cijeni Buget.Juha i lijepa salata uvijek su uključeni.Stvarno brza usluga bez velikih redova.
"Such a wonderful place to have a wedding :) We ourselves had ours there in December 2017, it is modern, great staff, a lot of space and really good fresh and self-made food :)",5.0,en,"Tako divno mjesto za vjenčanje :) I sami smo tamo imali u prosincu 2017., to je moderno, sjajno osoblje, puno prostora i stvarno dobra svježa i samo-samostalna hrana :)"
Great place for lunch in your lunch brake. Good choice of tasty food and pleasant waitresses.,4.0,en,Izvrsno mjesto za ručak u pauzi za ručak.Dobar izbor ukusne hrane i ugodnih konobarica.
"Nice place, service and food. Considering dimensions it's good for events.",3.0,en,"Lijepo mjesto, usluga i hrana.S obzirom na dimenzije, to je dobro za događaje."
"For a working lunch, not bad but not exceptional. Great squids on Fridays.",4.0,en,"Za radni ručak, nije loše, ali nije iznimno.Sjajne lignje petkom."
Invited towedding there and loved it. Great place and great food and great service.,5.0,en,Pozvani vući se tamo i svidjelo ga.Izvrsno mjesto i odlična hrana i izvrsna usluga.
"Great food, not so expensive, lots of space",4.0,en,"Izvrsna hrana, ne tako skupa, puno prostora"
Selfserving restaurant. Food ok. Proces 35-55 kn.,3.0,nl,Samo posluživanje restorana.Hrana ok.Postupak 35-55 kN.
"Great atmosphere, good bartenders, nice food.",5.0,en,"Izvrsna atmosfera, dobri barmeni, lijepa hrana."
"Looking for some great food? Well, thats the wrong place to look for it",3.0,en,"Tražite odličnu hranu?Pa, to je pogrešno mjesto za to potražiti"
"Nice place for brunch, good food and good prices.",4.0,en,"Lijepo mjesto za ručak, dobru hranu i dobre cijene."
Martinje 2016. was incredible experience!,5.0,en,Martinje 2016. Bilo je nevjerojatno iskustvo!
We will always come for free food.,3.0,en,Uvijek ćemo dolaziti po besplatnoj hrani.
Great food for a good price.,5.0,en,Izvrsna hrana za povoljnu cijenu.
"Good service, friendly waiter.",4.0,en,"Dobra usluga, prijateljski konobar."
Perfect service....perfect food,5.0,en,Savršena usluga .... savršena hrana
Solid place for quick lunch,4.0,en,Čvrsto mjesto za brzi ručak
"Dakle docek Nove godine nikad gori! Muzika grupa Krik katastrofa. Osim što je repertoar nepovezan solisti pjevaju fals 5 min do ponoći nakon pauze od 30 min pjesma sa kojom ulazimo u Novu godinu je od H.Beslića Taman je, zatim se prekida pjesma i odbrojava se bez glazbe i bez šampanjca. Nakon 10 min u Novoj ponovno se prekida glazba te nas se upućuje da krenemo za stol kako bi pojeli glavno jelo koja se zove sporo pečena teletina. Ima još toga ali ipak je Nova godina. Bili smo ovdje i prošle godine ne samo da smo fulali restoran nego i planetu. Slika govori sve. Plesni podij u 1 h iza ponoći.",1.0,hr,"Dakle docek Nove godine nikad gori! Muzika grupa Krik katastrofa. Osim što je repertoar nepovezan solisti pjevaju fals 5 min do ponoći nakon pauze od 30 min pjesma sa kojom ulazimo u Novu godinu je od H.Beslića Taman je, zatim se prekida pjesma i odbrojava se bez glazbe i bez šampanjca. Nakon 10 min u Novoj ponovno se prekida glazba te nas se upućuje da krenemo za stol kako bi pojeli glavno jelo koja se zove sporo pečena teletina. Ima još toga ali ipak je Nova godina. Bili smo ovdje i prošle godine ne samo da smo fulali restoran nego i planetu. Slika govori sve. Plesni podij u 1 h iza ponoći."
"Nakon ugodnog dočeka prošle godine htjeli smo ponoviti doživljaj. Ne da smo ponoviti isto već smo fulali ne grad već planetu. Prvo predjelo dolazi u pola 10, muzika počela tek nešto prije. O kvaliteti muzike i repertoaru bolje ništa ne reći jer možda se i ne razumijem najbolje. Moj dojam je da su setovi toliko ispremiješani da nema šanse da ostanu u istom ritmu. 7 minuta do ponoći plesni podij kao na slici. Katastrofalna. Svirka za ponoć traje od 4 do ponoći pa do ponoć i 10 min. Nikad doživio čak i u duplo jeftinijim restoranima.",2.0,hr,"Nakon ugodnog dočeka prošle godine htjeli smo ponoviti doživljaj. Ne da smo ponoviti isto već smo fulali ne grad već planetu. Prvo predjelo dolazi u pola 10, muzika počela tek nešto prije. O kvaliteti muzike i repertoaru bolje ništa ne reći jer možda se i ne razumijem najbolje. Moj dojam je da su setovi toliko ispremiješani da nema šanse da ostanu u istom ritmu. 7 minuta do ponoći plesni podij kao na slici. Katastrofalna. Svirka za ponoć traje od 4 do ponoći pa do ponoć i 10 min. Nikad doživio čak i u duplo jeftinijim restoranima."
"Kvaliteta hrane je srednja žalost, cijene visoke a porcije ultra male. Naručila lazanje , dobila jedan kvadrat lazanja što nije porcija ni za malo dijete , a cijena 7€.",1.0,hr,"Kvaliteta hrane je srednja žalost, cijene visoke a porcije ultra male. Naručila lazanje , dobila jedan kvadrat lazanja što nije porcija ni za malo dijete , a cijena 7€."
"Svaka preporuka za bilo koji oblik proslave. Mi smo imali proslavu povodom vjenčanja i stvarno je sve bilo na vrhunskoj razini, od hrane, usluge i ugođaja. Osim usluge u restoranu, uzeli smo i njihovu uslugu cateringa za okupljanje gostiju prije vjenčanja. Sve pohvale i zahvale, voditelju restorana, gospodinu Zoranu i kompletnom osoblju, posebice Marijanu i Mateju. Izrazito susretljivi i pristupačni za sve dogovore. Cijena usluge više nego korektna za kompletnu uslugu. Mi smo bili jako zadovoljni i vjerujem da ćemo surađivati s njima i u nekim drugim prilikama.",5.0,hr,"Svaka preporuka za bilo koji oblik proslave. Mi smo imali proslavu povodom vjenčanja i stvarno je sve bilo na vrhunskoj razini, od hrane, usluge i ugođaja. Osim usluge u restoranu, uzeli smo i njihovu uslugu cateringa za okupljanje gostiju prije vjenčanja. Sve pohvale i zahvale, voditelju restorana, gospodinu Zoranu i kompletnom osoblju, posebice Marijanu i Mateju. Izrazito susretljivi i pristupačni za sve dogovore. Cijena usluge više nego korektna za kompletnu uslugu. Mi smo bili jako zadovoljni i vjerujem da ćemo surađivati s njima i u nekim drugim prilikama."
Bili smo na domjenku. Odlična hrana i usluga. Po mom mišljenju je nedostatak prebučna živa glazba. Mislim da su bukom pokušali pokriti lošu kvalitetu izvedbe,5.0,hr,Bili smo na domjenku. Odlična hrana i usluga. Po mom mišljenju je nedostatak prebučna živa glazba. Mislim da su bukom pokušali pokriti lošu kvalitetu izvedbe
"Kupili smo posebnu ponudu preko ponude dana i bilo smo jako zadovoljni. Ponudu smo iskoristili u ponedjeljak popodne, u restoranu nije bilo nikoga (oko restorana su uredi pa je radni dan popodne ful lagan). Konobarica je bila jako draga, hrana jako dobra. Pogotovo salata, jako svježa. Preporučam za date night :)",5.0,hr,"Kupili smo posebnu ponudu preko ponude dana i bilo smo jako zadovoljni. Ponudu smo iskoristili u ponedjeljak popodne, u restoranu nije bilo nikoga (oko restorana su uredi pa je radni dan popodne ful lagan). Konobarica je bila jako draga, hrana jako dobra. Pogotovo salata, jako svježa. Preporučam za date night :)"
"Imali smo izvanredno iskustvo na vjenčanju u ovom predivnom restoranu. Sve je bilo izuzetno pozitivno, počevši od iznimne usluge koju smo primili. Osoblje je bilo izuzetno ljubazno, susretljivo i uvijek spremno pomoći.  Hrana je bila apsolutno ukusna i raznolika. Svaki zalogaj je bio prava poslastica, a raznolikost jela nas je stvarno oduševila. Bilo je očigledno da se pažljivo biraju sastojci i da se svakom jelu posvećuje posebna pažnja.  Ambijent sale za vjenčanje bio je zaista impresivan. Dekoracije su bile prekrasne i stvarno su doprinijele posebnoj atmosferi vjenčanja. Prostor je bio dovoljno prostran za sve goste, a opet je zadržao intimnu atmosferu koja je bila savršena za ovu prigodu.  Ne mogu dovoljno istaknuti koliko smo bili zadovoljni cjelokupnim iskustvom. Restoran je definitivno premašio naša očekivanja i doprinio je stvaranju nezaboravnog trenutka za mladence i sve prisutne goste. Toplo preporučujem ovaj restoran svima koji traže savršeno mjesto za vjenčanje ili bilo koju drugu posebnu prigodu.",5.0,hr,"Imali smo izvanredno iskustvo na vjenčanju u ovom predivnom restoranu. Sve je bilo izuzetno pozitivno, počevši od iznimne usluge koju smo primili. Osoblje je bilo izuzetno ljubazno, susretljivo i uvijek spremno pomoći.  Hrana je bila apsolutno ukusna i raznolika. Svaki zalogaj je bio prava poslastica, a raznolikost jela nas je stvarno oduševila. Bilo je očigledno da se pažljivo biraju sastojci i da se svakom jelu posvećuje posebna pažnja.  Ambijent sale za vjenčanje bio je zaista impresivan. Dekoracije su bile prekrasne i stvarno su doprinijele posebnoj atmosferi vjenčanja. Prostor je bio dovoljno prostran za sve goste, a opet je zadržao intimnu atmosferu koja je bila savršena za ovu prigodu.  Ne mogu dovoljno istaknuti koliko smo bili zadovoljni cjelokupnim iskustvom. Restoran je definitivno premašio naša očekivanja i doprinio je stvaranju nezaboravnog trenutka za mladence i sve prisutne goste. Toplo preporučujem ovaj restoran svima koji traže savršeno mjesto za vjenčanje ili bilo koju drugu posebnu prigodu."
"Iskreno sam zadovoljna sto sam proslavu mog rođendana odabrala upravo u restoranu Casablanca. Ukusna vecera, ugodna atmosfera, ljubaznost i usluznost osoblja za svaku su pohvalu. Dobrodoslicu gospodina Zorana u lijepo dekoriranom prostoru i prekrasnim iznenađenjem zeljela bih ponovno dozivjeti. Prostrani plesni podij uz prigusenu rasvjetu dali su dojam i svecane i intimne atmosfere. A pored toga, za sve goste osiguran je parking. Osjetite ovaj dozivljaj!",5.0,hr,"Iskreno sam zadovoljna sto sam proslavu mog rođendana odabrala upravo u restoranu Casablanca. Ukusna vecera, ugodna atmosfera, ljubaznost i usluznost osoblja za svaku su pohvalu. Dobrodoslicu gospodina Zorana u lijepo dekoriranom prostoru i prekrasnim iznenađenjem zeljela bih ponovno dozivjeti. Prostrani plesni podij uz prigusenu rasvjetu dali su dojam i svecane i intimne atmosfere. A pored toga, za sve goste osiguran je parking. Osjetite ovaj dozivljaj!"
"U mom slučaju rezervirate stol za 12 osoba u 14.28 za navecer 20.30 h javi se vlasnik kaže nema problema. Nakon 2 sata ga pokusamo dobiti na telefon da pitamo da li ima parking za goste, mobitel Izbacuje jer očito vlasnik spava. Dodjemo u dogovorenom terminu Vlasnica se javlja na ulazu mi smo puni od 19 sati nemate Vi rezervaciju. Potom me dobije Vlasnik na mobitel na putu prema drugom restoranu sa pricom da je on mene zvao . Jedna velika prevara i laž. Protivnik sam pisanja recenzija ali molim sve one koje budu čitali moju recenziju da izbjegavaju ovar restoran jer Vlasnici su neozbiljni. Pošto mi je ovo prva recenzija još jednom veliko hvala Vlasniku na rezervaciji i nadam se da ce u buduce biti ažuran.",1.0,bs,"U mom slučaju rezervirate stol za 12 osoba u 14.28 za navecer 20.30 h javi se vlasnik kaže nema problema. Nakon 2 sata ga pokusamo dobiti na telefon da pitamo da li ima parking za goste, mobitel Izbacuje jer očito vlasnik spava. Dodjemo u dogovorenom terminu Vlasnica se javlja na ulazu mi smo puni od 19 sati nemate Vi rezervaciju. Potom me dobije Vlasnik na mobitel na putu prema drugom restoranu sa pricom da je on mene zvao . Jedna velika prevara i laž. Protivnik sam pisanja recenzija ali molim sve one koje budu čitali moju recenziju da izbjegavaju ovar restoran jer Vlasnici su neozbiljni. Pošto mi je ovo prva recenzija još jednom veliko hvala Vlasniku na rezervaciji i nadam se da ce u buduce biti ažuran."
"Restoran zanimljivog imena koji se ispraksirao u posebnoj ponudi, u koji sam pomalo zalutao. Dobio poklon bon od kolega sa posla, izvrsna riblja plata, ljubazno osoblje.",5.0,hr,"Restoran zanimljivog imena koji se ispraksirao u posebnoj ponudi, u koji sam pomalo zalutao. Dobio poklon bon od kolega sa posla, izvrsna riblja plata, ljubazno osoblje."
"Sve pohvale za catering! Hrana i usluga su nadmašila sva naša očekivanja. Voditelj Zoran i osoblje su udovoljili svim našim zahtjevima! Definitivno se vraćamo opet! Ovo je jedan od boljih restorana u Zagrebu, preporuka za sve!",5.0,hr,"Sve pohvale za catering! Hrana i usluga su nadmašila sva naša očekivanja. Voditelj Zoran i osoblje su udovoljili svim našim zahtjevima! Definitivno se vraćamo opet! Ovo je jedan od boljih restorana u Zagrebu, preporuka za sve!"
"Prije dva tjedna bili smo na svadbi. Hrana prosječna, salata topla... Najveća zamjerka što nam nisu htjeli donijeti običnu flaširanu vodu. Konobar je rekao da nema, ali smo vidjeli u frižideru u prostoriji uz dvoranu. Više puta smo tražili, da bi nam na kraju u flašu od Jane natočio vodu iz pipe. Prestrašno, ispod svakog nivoa.",2.0,hr,"Prije dva tjedna bili smo na svadbi. Hrana prosječna, salata topla... Najveća zamjerka što nam nisu htjeli donijeti običnu flaširanu vodu. Konobar je rekao da nema, ali smo vidjeli u frižideru u prostoriji uz dvoranu. Više puta smo tražili, da bi nam na kraju u flašu od Jane natočio vodu iz pipe. Prestrašno, ispod svakog nivoa."
"Odlična usluga, ljubazno osoblje. Ambijen je stvoren za svadbene svečanosti, krštenja i proslave.",5.0,hr,"Odlična usluga, ljubazno osoblje. Ambijen je stvoren za svadbene svečanosti, krštenja i proslave."
"Gospodin Zoran i svo osoblje Casablance svojim profesionalnim, pažljivim i brižnim postupcima pobrinuli su se da mom suprugu, meni i cijeli svatovima svadba bude divna. Hrana je bila jako ukusna, plate bogate, a pića raznolika i taman rashlađena. Velika im hvala! Topla preporuka svima koji namjeravaju organizirati bilo kakvu feštu.",5.0,hr,"Gospodin Zoran i svo osoblje Casablance svojim profesionalnim, pažljivim i brižnim postupcima pobrinuli su se da mom suprugu, meni i cijeli svatovima svadba bude divna. Hrana je bila jako ukusna, plate bogate, a pića raznolika i taman rashlađena. Velika im hvala! Topla preporuka svima koji namjeravaju organizirati bilo kakvu feštu."
"Iznimno ljubazno osoblje, posebno voditelj. Hrana odlična. Dovoljno parkirnih prostora. Odlična lokacija, blizina tramvaja, autobusa, auto-ceste. Fleksibilan prostor koji je lako moguće prerasporediti i prilagoditi broju uzvanika. Za svaku pohvalu i preporuku za dobru zabavu!",5.0,hr,"Iznimno ljubazno osoblje, posebno voditelj. Hrana odlična. Dovoljno parkirnih prostora. Odlična lokacija, blizina tramvaja, autobusa, auto-ceste. Fleksibilan prostor koji je lako moguće prerasporediti i prilagoditi broju uzvanika. Za svaku pohvalu i preporuku za dobru zabavu!"
"Ambijent je prekrasan , muzika malo prebrzo svira sve pjesme , a hrane je bilo količinski premalo .",3.0,hr,"Ambijent je prekrasan , muzika malo prebrzo svira sve pjesme , a hrane je bilo količinski premalo ."
"Želite li za sebe i svoju bolju polovicu organizirati slavlje povodom vjenčanja ili krstitki ili domjenaka onda je Casablanca mjesto za Vas. Prije svega voditelj restorana GOSPODIN ZORAN( velikim slovima jer je to LJUDINA ) kakav pristup,kakav odnos prema klijentu a da ne pričam kako smo u par koraka sve dogovorili vezano za naš najsretniji dan koji će biti 19.8. Preporuka od srca za ekipu Casablance i voditelja GOSPODINA ZORANA",5.0,hr,"Želite li za sebe i svoju bolju polovicu organizirati slavlje povodom vjenčanja ili krstitki ili domjenaka onda je Casablanca mjesto za Vas. Prije svega voditelj restorana GOSPODIN ZORAN( velikim slovima jer je to LJUDINA ) kakav pristup,kakav odnos prema klijentu a da ne pričam kako smo u par koraka sve dogovorili vezano za naš najsretniji dan koji će biti 19.8. Preporuka od srca za ekipu Casablance i voditelja GOSPODINA ZORANA"
Sve pet za ovaj restoran. Jako uslužno i ljubazno osoblje.,5.0,hr,Sve pet za ovaj restoran. Jako uslužno i ljubazno osoblje.
"Dajem 5/5 zbog toga što bi preporučio svima da odu tamo, puno parkinga, 2 sata besplatnog parkinga, fre wifi, najbolja riba koju ćete pojesti, skampi za umrijeti koliko su dobri, velike porcije, porcija za dvoje je kao porcije za troje, uređeno tako kao da je svaki dan vjenčanje, veliki toalet, jakoooo brzo posluđivanje i da još neodugovlačim....",5.0,hr,"Dajem 5/5 zbog toga što bi preporučio svima da odu tamo, puno parkinga, 2 sata besplatnog parkinga, fre wifi, najbolja riba koju ćete pojesti, skampi za umrijeti koliko su dobri, velike porcije, porcija za dvoje je kao porcije za troje, uređeno tako kao da je svaki dan vjenčanje, veliki toalet, jakoooo brzo posluđivanje i da još neodugovlačim...."
"Prekrasno mjesto za vjenčanje, odlična hrana i zabavna usluga koja se čak i rasplesala sa svima nama. :D",5.0,hr,"Prekrasno mjesto za vjenčanje, odlična hrana i zabavna usluga koja se čak i rasplesala sa svima nama. :D"
Najbolje mjesto u Zagrebu za dobru klopu i ugođaj.,5.0,hr,Najbolje mjesto u Zagrebu za dobru klopu i ugođaj.
"Hrana je super, konobar isto tako, a cijene su skroz pristupačne",5.0,hr,"Hrana je super, konobar isto tako, a cijene su skroz pristupačne"
"Nekad su bili super, ali zadnja dva puta uzas. Imali smo proljev nakon tune koju smo jeli. I jos je konobarica bila bezobrazna kad smo joj drugi put to rekli. Imam osjecaj da staru hranu nude gostima. Vise necu tamo dolaziti.",3.0,hr,"Nekad su bili super, ali zadnja dva puta uzas. Imali smo proljev nakon tune koju smo jeli. I jos je konobarica bila bezobrazna kad smo joj drugi put to rekli. Imam osjecaj da staru hranu nude gostima. Vise necu tamo dolaziti."
"Povodom nastupa u emisiji Dobro jutro Hrvatska ,Muška pjevačka skupina Vukšićki bećari iz mjesta Vukšić kod Benkovca 17.studenog, otišli smo na ručak u restoran Casablanca u Zagrebu.Moram s ponosom kazati i istaknuti da smo oduševljeni vrhunskom raznovrsnom hranom ,specijalitetima i vinima koje nam je ponudilo ljubazno osoblje restorana Casablanca .Takavu srdačnu dobrodošlicu, uslugu i gostoljubljivost nismo još nigdje na ovakav način doživjeli . Sve čestitke od srca kompletnom osoblju restorana.Uvijek ćemo dolaziti kod vas kada god budemo dolazili u Zagreb .Koristimo priliku da vam čestitamo čestit i blagoslovljen Božić ,te sretnu ,uspješnu Novu 2023 Godinu s puno zdravlja i sreće . Ljudi sve vam cvitalo i Bog vas blagoslovio. Vaši Vukšićki bećari",5.0,hr,"Povodom nastupa u emisiji Dobro jutro Hrvatska ,Muška pjevačka skupina Vukšićki bećari iz mjesta Vukšić kod Benkovca 17.studenog, otišli smo na ručak u restoran Casablanca u Zagrebu.Moram s ponosom kazati i istaknuti da smo oduševljeni vrhunskom raznovrsnom hranom ,specijalitetima i vinima koje nam je ponudilo ljubazno osoblje restorana Casablanca .Takavu srdačnu dobrodošlicu, uslugu i gostoljubljivost nismo još nigdje na ovakav način doživjeli . Sve čestitke od srca kompletnom osoblju restorana.Uvijek ćemo dolaziti kod vas kada god budemo dolazili u Zagreb .Koristimo priliku da vam čestitamo čestit i blagoslovljen Božić ,te sretnu ,uspješnu Novu 2023 Godinu s puno zdravlja i sreće . Ljudi sve vam cvitalo i Bog vas blagoslovio. Vaši Vukšićki bećari"
"Hrana je vrhunska, osoblje nasmijano, veselo i uslužno, ambijent divno uređen, bend odličan. Ekipa koja zna svoj posao!   Posebna pohvala za Mariju, najsimpatičniju šeficu restorana i Zorana, voditelja restorana, koji baš nijedan detalj ne prepušta slučaju!  Važna stavka je i osiguran parking.  Velika preporuka za bilo koju vrstu eventa, dobit ćete all in one",5.0,hr,"Hrana je vrhunska, osoblje nasmijano, veselo i uslužno, ambijent divno uređen, bend odličan. Ekipa koja zna svoj posao!   Posebna pohvala za Mariju, najsimpatičniju šeficu restorana i Zorana, voditelja restorana, koji baš nijedan detalj ne prepušta slučaju!  Važna stavka je i osiguran parking.  Velika preporuka za bilo koju vrstu eventa, dobit ćete all in one"
"Restoran za provesti ugodne trenutke...bogat odabir hrane, osoblje za svaku pohvalu - nenametljivo, stručno i profesionalno! Hrana odlično pripremljena, bogat izbor pića... Sve navedeno obilato začinjeno odličnom glazbom koja stvara prekrasno ozračje. Uz izvrsnu svirku, ispunjavaju i vaše želje. Stvorili su atmosferu da imate osjećaj doma i da sviraju samo vama. Mi se vraćamo, dođite i vi! (svakako pitajte svira li Dambo band)",5.0,hr,"Restoran za provesti ugodne trenutke...bogat odabir hrane, osoblje za svaku pohvalu - nenametljivo, stručno i profesionalno! Hrana odlično pripremljena, bogat izbor pića... Sve navedeno obilato začinjeno odličnom glazbom koja stvara prekrasno ozračje. Uz izvrsnu svirku, ispunjavaju i vaše želje. Stvorili su atmosferu da imate osjećaj doma i da sviraju samo vama. Mi se vraćamo, dođite i vi! (svakako pitajte svira li Dambo band)"
"Doček Nove godine odlična organizacija , bend ok porcije obimne i ukusne sve za 5",4.0,bs,"Doček Nove godine odlična organizacija , bend ok porcije obimne i ukusne sve za 5"
"Klopa super, osoblje simpaticno, ambijent predivan!",5.0,hr,"Klopa super, osoblje simpaticno, ambijent predivan!"
"Bili na ručku s kumovima, lokal je u širem centru i parkirno mjesto smo našli za 5 minuta. Hrana odlična, ukusna, osoblje je bilo vrlo ljubazno, posebno gospodin Zoran (vrlo profesionalan i susretljiv), tako da sve u svemu, za relativno malo novca se može vrlo ozbiljno objedovati u lijepom ambijentu. Doći ćemo ponovo. Ja osobno preporučam!",5.0,hr,"Bili na ručku s kumovima, lokal je u širem centru i parkirno mjesto smo našli za 5 minuta. Hrana odlična, ukusna, osoblje je bilo vrlo ljubazno, posebno gospodin Zoran (vrlo profesionalan i susretljiv), tako da sve u svemu, za relativno malo novca se može vrlo ozbiljno objedovati u lijepom ambijentu. Doći ćemo ponovo. Ja osobno preporučam!"
"Hrana oke. Uređenje prosječno. Organiziranost loša, osoblja pre malo. Mislim da se nećemo vraćati.",3.0,hr,"Hrana oke. Uređenje prosječno. Organiziranost loša, osoblja pre malo. Mislim da se nećemo vraćati."
Ambijent super Hrana preukusna Osoblje na nivou,5.0,hr,Ambijent super Hrana preukusna Osoblje na nivou
Odlično mjesto za odlične fešte!,5.0,bs,Odlično mjesto za odlične fešte!
"Susretljivo, pristupačno i profesionalno osoblje, lijep ambijent- izuzetno uredan, ukusna i kvalitetna hrana, jeli smo BBQ rebarca za koja definitivno mogu reći da su najbolja u gradu! Cijene su zbilja pristupačne, a porcije vrlo obilne! :)",5.0,hr,"Susretljivo, pristupačno i profesionalno osoblje, lijep ambijent- izuzetno uredan, ukusna i kvalitetna hrana, jeli smo BBQ rebarca za koja definitivno mogu reći da su najbolja u gradu! Cijene su zbilja pristupačne, a porcije vrlo obilne! :)"
"Imali smo svadbu 5.11.2022. Imamo samo riječi hvale i sve pohvale za cijelo osoblje , organizaciju , hranu i sve ukupno cijeli restoran Casablanca. Svi gosti su nam oduševljeni uslugom restorana kroz cijelu noć. Uz profesionalnost cijelo vrijeme su bili nasmijani i vrlo susretljivi. Preporučujemo svima Restoran Casablanca za sve proslave.",5.0,hr,"Imali smo svadbu 5.11.2022. Imamo samo riječi hvale i sve pohvale za cijelo osoblje , organizaciju , hranu i sve ukupno cijeli restoran Casablanca. Svi gosti su nam oduševljeni uslugom restorana kroz cijelu noć. Uz profesionalnost cijelo vrijeme su bili nasmijani i vrlo susretljivi. Preporučujemo svima Restoran Casablanca za sve proslave."
"Za svaku preporuku, ljubazno i uslužno osoblje, organizirano, odličan ugođaj, ukusna hrana !",5.0,hr,"Za svaku preporuku, ljubazno i uslužno osoblje, organizirano, odličan ugođaj, ukusna hrana !"
"Moja ocjena za večeru u restoranu je 0/10. Od neukusne hrane,do neljubaznog osoblja, pokraj kritično loše glazbe sa sintisajzera. Da mogu, dao ni minus ocjenu.",1.0,hr,"Moja ocjena za večeru u restoranu je 0/10. Od neukusne hrane,do neljubaznog osoblja, pokraj kritično loše glazbe sa sintisajzera. Da mogu, dao ni minus ocjenu."
"Mid class restoran s couverom,dosta finom hranom i pristupačnim cijenama. Ambijent je ugodan,konobari profesionalni i sve u svemu sam vrlo zadovoljan, a išao sam bez preporuke tako što sam sam izabrao na google maps restoran. Najbolji tuna steak koji sam jeo do sad.",5.0,hr,"Mid class restoran s couverom,dosta finom hranom i pristupačnim cijenama. Ambijent je ugodan,konobari profesionalni i sve u svemu sam vrlo zadovoljan, a išao sam bez preporuke tako što sam sam izabrao na google maps restoran. Najbolji tuna steak koji sam jeo do sad."
Ajmeeeee nigdje i nikad bolje,5.0,hr,Ajmeeeee nigdje i nikad bolje
"Jako loše i vrlo negativno iskustvo sa njima. Svadba ubrzana , praktički prije potjerani jer je svadba bila mala. Konobare smo morali loviti doslovno. Jela hladna stizala na stolove. Preplatili smo kompletnu uslugu, platili i više nego je trebalo za ljude koji nisu ni bili nazočni, plus platili za djecu od 0-3 godine što je trebalo biti besplatno. Početni dogovor i dogovor na piru su bile dvije različite stvari. Jako jako pokvareno. Osjećamo se prevareni ! U svakom slučaju tužba, i zaobilazak u širokom luku !!!!",1.0,hr,"Jako loše i vrlo negativno iskustvo sa njima. Svadba ubrzana , praktički prije potjerani jer je svadba bila mala. Konobare smo morali loviti doslovno. Jela hladna stizala na stolove. Preplatili smo kompletnu uslugu, platili i više nego je trebalo za ljude koji nisu ni bili nazočni, plus platili za djecu od 0-3 godine što je trebalo biti besplatno. Početni dogovor i dogovor na piru su bile dvije različite stvari. Jako jako pokvareno. Osjećamo se prevareni ! U svakom slučaju tužba, i zaobilazak u širokom luku !!!!"
"Izrazito ukusna hrana, prekrasan ambijent i odlican bend ispunili su sva ocekivanja naseg tima na domjenku. Osoblje restorana za svaku pohvalu.Vrlo profesionalni i uvijek nasmijani. Posebna pohvala za voditelja restorana gospodina Zorana i hvala od srca.",5.0,hr,"Izrazito ukusna hrana, prekrasan ambijent i odlican bend ispunili su sva ocekivanja naseg tima na domjenku. Osoblje restorana za svaku pohvalu.Vrlo profesionalni i uvijek nasmijani. Posebna pohvala za voditelja restorana gospodina Zorana i hvala od srca."
"Svaka pohvala voditelju i osoblju, predivan ugođaj !!!",5.0,hr,"Svaka pohvala voditelju i osoblju, predivan ugođaj !!!"
"Hrana odlična, osoblje ljubazno,cijene korektne",5.0,hr,"Hrana odlična, osoblje ljubazno,cijene korektne"
"Bila sa suprugom na večeri. Osoblje vrlo uljudno, a hrana vrhunska. Obilne porcije i ukusno po pristupačnim cijenama. Restoran za svaku pohvalu. Vratit ćemo se opet.",5.0,hr,"Bila sa suprugom na večeri. Osoblje vrlo uljudno, a hrana vrhunska. Obilne porcije i ukusno po pristupačnim cijenama. Restoran za svaku pohvalu. Vratit ćemo se opet."
"Naručili smo jednu piletinu na žaru i pomfri i jednu piletinu sa žara i krokete. Piletina je gumena, žilava, nije dobro ispečena te ima odvratan aftertaste. pomfri je ok. Došlo je 10kroketa što mislim da je mala porcija, ali bar su jestivi za razliku od mesa.",1.0,hr,"Naručili smo jednu piletinu na žaru i pomfri i jednu piletinu sa žara i krokete. Piletina je gumena, žilava, nije dobro ispečena te ima odvratan aftertaste. pomfri je ok. Došlo je 10kroketa što mislim da je mala porcija, ali bar su jestivi za razliku od mesa."
"Vrhunska usluga, fina i ukusna hrana, top ambijent, sve pohvale za ovaj restoran, svaka čast ekipa i samo nastavite ovako",5.0,hr,"Vrhunska usluga, fina i ukusna hrana, top ambijent, sve pohvale za ovaj restoran, svaka čast ekipa i samo nastavite ovako"
Preko ponude dana sam kupio hobotnicu ispod peke po iznimno povoljnoj cijeni. Hrana ukusna i obilna. Usluga fantastična. Cijene pića korektne. Parking se da naći uz malo strpljenja.,5.0,hr,Preko ponude dana sam kupio hobotnicu ispod peke po iznimno povoljnoj cijeni. Hrana ukusna i obilna. Usluga fantastična. Cijene pića korektne. Parking se da naći uz malo strpljenja.
"Izvrsna hrana, ponuda naa razini, ugodno i profesionalno osoblje. Svaka čast",5.0,hr,"Izvrsna hrana, ponuda naa razini, ugodno i profesionalno osoblje. Svaka čast"
"Veliki parking ispred restorana Prostor velik, topao i ugodan. Atmosfera odlična za veće i manje proslave koje uveseljava Bend Dambo koji nas je zabavljao fenomenalno. Za svaku pohvalu.",5.0,bs,"Veliki parking ispred restorana Prostor velik, topao i ugodan. Atmosfera odlična za veće i manje proslave koje uveseljava Bend Dambo koji nas je zabavljao fenomenalno. Za svaku pohvalu."
"Da mogu dala bi minus ocjenu. Katastrofa od; hrane i do njenih porcija (za 300 kn) , do vina, do benda i do osoblja.",1.0,hr,"Da mogu dala bi minus ocjenu. Katastrofa od; hrane i do njenih porcija (za 300 kn) , do vina, do benda i do osoblja."
"Savrsen docek nove godine , iznimno ljubazno i profesionalno osoblje a narucito vlasnik. Sve pohvale i preporuke",5.0,bs,"Savrsen docek nove godine , iznimno ljubazno i profesionalno osoblje a narucito vlasnik. Sve pohvale i preporuke"
"Neprofesionalan, nekorektan i bezobrazan odnos onih koji vode restoran. U srijedu (11.09.2019.) sam rezervirao termin, mjesto i vrijeme za večeru, za petak (13.09.2019. u 19 sati) i kada smo došli pred restoran sva vrata su zaključana i unutrašnjost je u mraku, neugoda, ljutnja! Restoran ne radi. Bez poruke, poziva ili isprike za otkazivanje rezervacije. Postupak odgovornih zorno prikazuje odnos prema gostu. Moje iskustvo i preporuka: izbjegavajte ovo mjesto!",1.0,hr,"Neprofesionalan, nekorektan i bezobrazan odnos onih koji vode restoran. U srijedu (11.09.2019.) sam rezervirao termin, mjesto i vrijeme za večeru, za petak (13.09.2019. u 19 sati) i kada smo došli pred restoran sva vrata su zaključana i unutrašnjost je u mraku, neugoda, ljutnja! Restoran ne radi. Bez poruke, poziva ili isprike za otkazivanje rezervacije. Postupak odgovornih zorno prikazuje odnos prema gostu. Moje iskustvo i preporuka: izbjegavajte ovo mjesto!"
"Hrana jako ukusna, porcije velike rožata odlična, konobarica ljubazna, prostor ugodan, čist! Za svaku pohvalu i preporuku!",5.0,hr,"Hrana jako ukusna, porcije velike rožata odlična, konobarica ljubazna, prostor ugodan, čist! Za svaku pohvalu i preporuku!"
"Sinoć smo suprug i ja bili na večeri i naručili smo riblju platu koja je bila fenomenalna, jako fino, jako lijep ambijent, konobar prijatekjski nastrojen, cijelo vrijeme na raspolaganju mi smo prezadovoljni i sigurno će mo se opet vratiti. Sve pohvale i konobaru i kuharima i vlasniku restorana.",5.0,hr,"Sinoć smo suprug i ja bili na večeri i naručili smo riblju platu koja je bila fenomenalna, jako fino, jako lijep ambijent, konobar prijatekjski nastrojen, cijelo vrijeme na raspolaganju mi smo prezadovoljni i sigurno će mo se opet vratiti. Sve pohvale i konobaru i kuharima i vlasniku restorana."
"Lijepo uređeno. Super organizacija dočeka nove godine. Klopa i piće uključeno u doček, bend super zabavio do jutra. Osoblje izvrsno organizirano. Za svaku pohvalu. Preporučam.",5.0,hr,"Lijepo uređeno. Super organizacija dočeka nove godine. Klopa i piće uključeno u doček, bend super zabavio do jutra. Osoblje izvrsno organizirano. Za svaku pohvalu. Preporučam."
"Super restoran sa pravim delicijama, a pogotovo delicije od boškarina. Kuharica Gordana jedna od boljih u Zagrebu jer osim spravljanja jela radi specijalne torte za svaku preporuku.",5.0,hr,"Super restoran sa pravim delicijama, a pogotovo delicije od boškarina. Kuharica Gordana jedna od boljih u Zagrebu jer osim spravljanja jela radi specijalne torte za svaku preporuku."
"Odličan restoran! Ljubazno i uslužno osoblje, ugodan i čist ambijent, cijene prihvatljive... imala sam priliku biti tamo na poslovnom domjenku, vjenčanju, karminama i ""običnim"" večerama i hrana je svaki puta bila odlična, a i porcije su taman. Za svaku preporuku!",5.0,hr,"Odličan restoran! Ljubazno i uslužno osoblje, ugodan i čist ambijent, cijene prihvatljive... imala sam priliku biti tamo na poslovnom domjenku, vjenčanju, karminama i ""običnim"" večerama i hrana je svaki puta bila odlična, a i porcije su taman. Za svaku preporuku!"
Bilo je preko dobro.   Recommended dishes Ćevapi Sa Pomfritom  Parking space Plenty of parking  Parking options Free parking lot,4.0,hr,Bilo je preko dobro.   Recommended dishes Ćevapi Sa Pomfritom  Parking space Plenty of parking  Parking options Free parking lot
"Mateus ima godinama odličnu suradnju s Casablancom. Svaki poslovni domjenak, proslave, imamo samo za njih riječi hvale. I više nego korektni, hrana odlična, kao i ambijent.",5.0,hr,"Mateus ima godinama odličnu suradnju s Casablancom. Svaki poslovni domjenak, proslave, imamo samo za njih riječi hvale. I više nego korektni, hrana odlična, kao i ambijent."
Sve lijepo i uredno čisto. Osoblje ljubazno neprimjetno a opet odmah tu ako nešto trebate. Sve pohvale i voditelju Željku koji je najbolji primjer kulturnog vođenja restorana i izlaska u susret gostima.,5.0,hr,Sve lijepo i uredno čisto. Osoblje ljubazno neprimjetno a opet odmah tu ako nešto trebate. Sve pohvale i voditelju Željku koji je najbolji primjer kulturnog vođenja restorana i izlaska u susret gostima.
"Hrana komadic po osobi, salata trula, konobar dode do stola svaka 2 sata i ne donosi piće, sjedis zedan.....uzas od restorana, bar je svadba bila dobra",1.0,bs,"Hrana komadic po osobi, salata trula, konobar dode do stola svaka 2 sata i ne donosi piće, sjedis zedan.....uzas od restorana, bar je svadba bila dobra"
"Odrzali smo svadbu za cca 110 ljudi u restoranu Casablanca. Od ambijenta, atmosfere, cvjetne dekoracije, hrane do osoblja i usluge, sve je bilo najbolje odradjeno. Cjenovno su vise nego povoljni. Restoran ima i bend kuce koji dolazi s popustom, a naprave vrhunsku atmosferu i sviraju odlicno. Za svaku preporuku!",5.0,bs,"Odrzali smo svadbu za cca 110 ljudi u restoranu Casablanca. Od ambijenta, atmosfere, cvjetne dekoracije, hrane do osoblja i usluge, sve je bilo najbolje odradjeno. Cjenovno su vise nego povoljni. Restoran ima i bend kuce koji dolazi s popustom, a naprave vrhunsku atmosferu i sviraju odlicno. Za svaku preporuku!"
Restoran je vrhunski; klopa odlična; cijena realna; osoblje pristupačno i vedro. ČESTITAM. Samo naprijed. Alen,5.0,bs,Restoran je vrhunski; klopa odlična; cijena realna; osoblje pristupačno i vedro. ČESTITAM. Samo naprijed. Alen
"Svaki put jako sam zadovoljna provodom na mjestu koje je vrlo ugodno i čisto, sa prijaznom poslugom i odličnom hranom.Plesni podij dovoljno velik da se ugodno pleše.Hrana je izvrsna.",5.0,hr,"Svaki put jako sam zadovoljna provodom na mjestu koje je vrlo ugodno i čisto, sa prijaznom poslugom i odličnom hranom.Plesni podij dovoljno velik da se ugodno pleše.Hrana je izvrsna."
"Sve u savršenom redu, od profesionalnog osoblja, cistog objekta, svježe serviranog jela.. Preporučujem",5.0,hr,"Sve u savršenom redu, od profesionalnog osoblja, cistog objekta, svježe serviranog jela.. Preporučujem"
"Odličan odličan Hrana za poželit, Za svadbe i domjenke idealno..",5.0,hr,"Odličan odličan Hrana za poželit, Za svadbe i domjenke idealno.."
"Naručili smo riblju juhu, hobotnicu ispod peke i čokoladni mousse.. Juha je bila s rižom, hobotnica dobra, ali krumpiri sirovi, salata prejako začinjena, kiselo toliko da je bilo nejestivo, a mousse je ledov, nisu ga ni odledili, bio je smrznut",1.0,hr,"Naručili smo riblju juhu, hobotnicu ispod peke i čokoladni mousse.. Juha je bila s rižom, hobotnica dobra, ali krumpiri sirovi, salata prejako začinjena, kiselo toliko da je bilo nejestivo, a mousse je ledov, nisu ga ni odledili, bio je smrznut"
"Imali smo krštenje prošli tjedan, sve je bilo super! Ambijent, osoblje, hrana, sve na nivou! Svaka čast!",5.0,hr,"Imali smo krštenje prošli tjedan, sve je bilo super! Ambijent, osoblje, hrana, sve na nivou! Svaka čast!"
"Osobe koje vole domaću prehranu će ovdje uživati, odlične cijene za poslovne ručkove i večere. Osoblje je prijateljsko za svaku pohvalu.",5.0,hr,"Osobe koje vole domaću prehranu će ovdje uživati, odlične cijene za poslovne ručkove i večere. Osoblje je prijateljsko za svaku pohvalu."
"Lose vino, losa hrana(vegetarijanski meni je bio hrpa paprika sa zara na tanjuru) i los bend.",1.0,hr,"Lose vino, losa hrana(vegetarijanski meni je bio hrpa paprika sa zara na tanjuru) i los bend."
"Doista lijep restoran,hrana ha sve u svemu nemogu rec da nisam bio nezadovoljan,dapace neka klopica je bila fina.. No,Subotom i Nedeljom za veceru bi preporucio drugi restoran jel tamo se tim danima odrzavaju Vjencanja,pa je malo strka,ali moramo i mi njih svatit,ali i oni moraju nas shvatit da i mi zelimo dobit u normalno vrijeme i kvalitetno.. Ocjena ha:3+,-4.",4.0,hr,"Doista lijep restoran,hrana ha sve u svemu nemogu rec da nisam bio nezadovoljan,dapace neka klopica je bila fina.. No,Subotom i Nedeljom za veceru bi preporucio drugi restoran jel tamo se tim danima odrzavaju Vjencanja,pa je malo strka,ali moramo i mi njih svatit,ali i oni moraju nas shvatit da i mi zelimo dobit u normalno vrijeme i kvalitetno.. Ocjena ha:3+,-4."
"Predivan restoran, vrlo uslužno osoblje, raznovrsna ponuda jela. Na mirnom mjestu, a tako blizu centru grada. Za svaku preporuku od moje malenkosti.",5.0,hr,"Predivan restoran, vrlo uslužno osoblje, raznovrsna ponuda jela. Na mirnom mjestu, a tako blizu centru grada. Za svaku preporuku od moje malenkosti."
"Nemam nekakvih sjećanja tako da me se nije dojmilo ni pozitivno ni negativno, zato 4 zvijezde, vjerojatno uglavnom pozitivno iznad ZG prosjeka",4.0,hr,"Nemam nekakvih sjećanja tako da me se nije dojmilo ni pozitivno ni negativno, zato 4 zvijezde, vjerojatno uglavnom pozitivno iznad ZG prosjeka"
"Restoran, ponuda ok, ambijent nista posebno. Konobari ljubazni i uslužni.",4.0,hr,"Restoran, ponuda ok, ambijent nista posebno. Konobari ljubazni i uslužni."
Odličan restoran i usluga.. lijepo sređen prostor.. za sve genetacije kutak,5.0,hr,Odličan restoran i usluga.. lijepo sređen prostor.. za sve genetacije kutak
Sve je bilo uredu zaista od hrane do ugođaja.,5.0,bs,Sve je bilo uredu zaista od hrane do ugođaja.
"Uslužni djelatnici i voditelj, ukusna hrana i ugodan ambijent.",5.0,hr,"Uslužni djelatnici i voditelj, ukusna hrana i ugodan ambijent."
"Doček 2019 - promašaj što se tiće muzike i hrane, no hvala Bogu na ne zahtjevnim gostima.",3.0,hr,"Doček 2019 - promašaj što se tiće muzike i hrane, no hvala Bogu na ne zahtjevnim gostima."
Odlični gableci po normalnoj cijeni. Osoblje za 10!,5.0,hr,Odlični gableci po normalnoj cijeni. Osoblje za 10!
"Nemam prigovora. Ambijent je super. Ljubazno osoblje. Tu se može iznajmiti za svadbu, rođendane, krstitke, za domjenke ma super.",5.0,hr,"Nemam prigovora. Ambijent je super. Ljubazno osoblje. Tu se može iznajmiti za svadbu, rođendane, krstitke, za domjenke ma super."
"Izvrstan restoran, ugodan prostor, ukusna hrana, ljubazno i uslužno osoblje",5.0,hr,"Izvrstan restoran, ugodan prostor, ukusna hrana, ljubazno i uslužno osoblje"
"Hrana tak-tak. I na organiziranoj zabavi za dan žena moram platiti kavu wtf?!?! A uzeli 350 kn za mene i suprugu. Tak da ono , moglo bi i bolje",3.0,hr,"Hrana tak-tak. I na organiziranoj zabavi za dan žena moram platiti kavu wtf?!?! A uzeli 350 kn za mene i suprugu. Tak da ono , moglo bi i bolje"
Ugodno iznenađena sa dnevnim menijem i cijenom. Dobar i kvalitetan rucak za vrlo pristupacnu cijenu.,5.0,hr,Ugodno iznenađena sa dnevnim menijem i cijenom. Dobar i kvalitetan rucak za vrlo pristupacnu cijenu.
"Ugodna atmosfera,usluga odlična ,ugođaj super.",5.0,bs,"Ugodna atmosfera,usluga odlična ,ugođaj super."
"Hobotnica ispod peke sa krumpirom, za prste polizati! Ambijent prekrasan, osoblje simpatično i ljubazno. :)",5.0,hr,"Hobotnica ispod peke sa krumpirom, za prste polizati! Ambijent prekrasan, osoblje simpatično i ljubazno. :)"
Već par godina svakodnevno ručam ovdje. Dovoljno za preporuku.,5.0,hr,Već par godina svakodnevno ručam ovdje. Dovoljno za preporuku.
Ugodno mjesto za održavanje svadbenih svečanosti i domjenaka uz raznovrstan izbor hrane i pića,5.0,hr,Ugodno mjesto za održavanje svadbenih svečanosti i domjenaka uz raznovrstan izbor hrane i pića
Najbolji voditelj restorana u Hrvata Zoran Mackic,5.0,hr,Najbolji voditelj restorana u Hrvata Zoran Mackic
Ovo je odličan restoran. Osoblje usluge cijena.,5.0,hr,Ovo je odličan restoran. Osoblje usluge cijena.
"Prekrasno osoblje ....sve pohvale, vraćamo se opet",5.0,hr,"Prekrasno osoblje ....sve pohvale, vraćamo se opet"
"Svaka čast, od osoblja, ambijenta i svega tijetko baš odlično....",5.0,hr,"Svaka čast, od osoblja, ambijenta i svega tijetko baš odlično...."
"Mladi konobari su dobri, a stariji su nezainteresirani. Hrana ništa posebno, osim sarme, koja je odlična. Male porcije.",4.0,hr,"Mladi konobari su dobri, a stariji su nezainteresirani. Hrana ništa posebno, osim sarme, koja je odlična. Male porcije."
"Prekrasno....hrana, prostor, vrlo ljubazno osoblje",5.0,hr,"Prekrasno....hrana, prostor, vrlo ljubazno osoblje"
"Ugodan ambijent, ljubazno osoblje i ukusna hrana",5.0,hr,"Ugodan ambijent, ljubazno osoblje i ukusna hrana"
"Bila sam samo na svadbi pa je tesko ocijeniti kako je inace, ali na svadbi je bio ok ambijent kao i hrana/pice",4.0,hr,"Bila sam samo na svadbi pa je tesko ocijeniti kako je inace, ali na svadbi je bio ok ambijent kao i hrana/pice"
"Preporučam, ukusna jela i ljubazno bolje osoblje",5.0,hr,"Preporučam, ukusna jela i ljubazno bolje osoblje"
"Izvrstan restoran, predivan ambijent, cisto.. iznimno ljubazno osoblje, jako fina hrana, izbor i kvaliteta.. Kako kazu A++++",5.0,hr,"Izvrstan restoran, predivan ambijent, cisto.. iznimno ljubazno osoblje, jako fina hrana, izbor i kvaliteta.. Kako kazu A++++"
"Svaka pohvala konobarima na usluzi,sve je bilo odlično!!:)",5.0,hr,"Svaka pohvala konobarima na usluzi,sve je bilo odlično!!:)"
"Sve preporuke, odlican docek Nove godine.   Recommended dishes Hladno Predjelo  Parking space Plenty of parking",5.0,hr,"Sve preporuke, odlican docek Nove godine.   Recommended dishes Hladno Predjelo  Parking space Plenty of parking"
"Sve super klopa osoblje,preporučam cijene prihvatljive,ugodna atmosfera",5.0,hr,"Sve super klopa osoblje,preporučam cijene prihvatljive,ugodna atmosfera"
Vrlo ugodan i lijep restoran odlična hrana osoblje jako ljubazno .,5.0,hr,Vrlo ugodan i lijep restoran odlična hrana osoblje jako ljubazno .
Dobar restoran na odličnoj poziciji ali ima još prostora za bolju ponudu.....,3.0,bs,Dobar restoran na odličnoj poziciji ali ima još prostora za bolju ponudu.....
U ovoj Casablanci vrijeme je stalo i to davnih dana.,3.0,hr,U ovoj Casablanci vrijeme je stalo i to davnih dana.
"Ambjent prekrasan, velik , stane do 300 gostiju.Hrana dobra (roštilj), konobari ljubazni.",5.0,hr,"Ambjent prekrasan, velik , stane do 300 gostiju.Hrana dobra (roštilj), konobari ljubazni."
Vrlo ugodna atmosfera i odlična kuhinja. Za preporuku.,5.0,bs,Vrlo ugodna atmosfera i odlična kuhinja. Za preporuku.
"Ugodan ambijent, ljubazno i uslužno osoblje, dobra hrana",5.0,hr,"Ugodan ambijent, ljubazno i uslužno osoblje, dobra hrana"
Doček vrhunski hrana +10 usluga vrhunska samo naprid,5.0,hr,Doček vrhunski hrana +10 usluga vrhunska samo naprid
"Korektno mjesto za svadbene svecanosti, proslave, druzenja. Veliki i siguran parking.",4.0,bs,"Korektno mjesto za svadbene svecanosti, proslave, druzenja. Veliki i siguran parking."
"Ljubazno i profesionalno osoblje, ukusna hrana, kvalitetne namirnice",5.0,hr,"Ljubazno i profesionalno osoblje, ukusna hrana, kvalitetne namirnice"
"prelijepo uređen interijer, usluga kvalitetna, sveukupni dojam vrlo pozitivan.",5.0,hr,"prelijepo uređen interijer, usluga kvalitetna, sveukupni dojam vrlo pozitivan."
"Prostor je u redu,no hrana razočarenje.",2.0,hr,"Prostor je u redu,no hrana razočarenje."
"Vrhunski restoran ugodnog ambijenta i kvalitetne ponude. Osoblje na nivou zadatka... Posebno Ljubo, legenda restorana!!",5.0,bs,"Vrhunski restoran ugodnog ambijenta i kvalitetne ponude. Osoblje na nivou zadatka... Posebno Ljubo, legenda restorana!!"
"Profesionalno osoblje , odlična hrana , ugodan ambijent",5.0,hr,"Profesionalno osoblje , odlična hrana , ugodan ambijent"
Grei restaurant som ble benyttet for privat event.,3.0,no,Dobar restoran koji se koristi za privatni događaj.
Dobra hrana i dobar izbor hrane. Cijena korektna.,5.0,hr,Dobra hrana i dobar izbor hrane. Cijena korektna.
Fino mirno mjesto s dobrim ribljim menijem..preporuka,5.0,hr,Fino mirno mjesto s dobrim ribljim menijem..preporuka
Vrhunska hrana. Preporučam juhu od tartufa u kruhu.,5.0,hr,Vrhunska hrana. Preporučam juhu od tartufa u kruhu.
Odlican prozracan prostor. Super muzika i klopa. Jako elegantni konobari i ljubazni.,5.0,hr,Odlican prozracan prostor. Super muzika i klopa. Jako elegantni konobari i ljubazni.
Dođi i ne zaboravi Casablanku,5.0,hr,Dođi i ne zaboravi Casablanku
"Odlična usluga,, dragi konobari i super hrana.",5.0,bs,"Odlična usluga,, dragi konobari i super hrana."
Sve pohvale za uslugu i osoblje,5.0,hr,Sve pohvale za uslugu i osoblje
Vrhunska usluga prekrasan ambijen cista 10-ka,5.0,hr,Vrhunska usluga prekrasan ambijen cista 10-ka
"Ugodna atmosfera,super hrana,izvrsno osoblje. Za svaku pohvalu",5.0,hr,"Ugodna atmosfera,super hrana,izvrsno osoblje. Za svaku pohvalu"
"Vrhunska usluga,kvalitetna jela i ugodan ambijent.",5.0,hr,"Vrhunska usluga,kvalitetna jela i ugodan ambijent."
"Ugodna atmosfera, dobro jelo, uljudno osoblje.",4.0,hr,"Ugodna atmosfera, dobro jelo, uljudno osoblje."
"Lijep restoran, osoblje ljubazno, hrana jako fina i obilna!",5.0,hr,"Lijep restoran, osoblje ljubazno, hrana jako fina i obilna!"
Uz drage osobe predivno mjesto..,5.0,hr,Uz drage osobe predivno mjesto..
"Lijep prostor, dobra u ukusna hrana po pristupaćnim cijenama",5.0,hr,"Lijep prostor, dobra u ukusna hrana po pristupaćnim cijenama"
Lijepo sto su objavili da nema prodaje.,3.0,hr,Lijepo sto su objavili da nema prodaje.
Lijepo mjesto i ljubazno osoblje,5.0,hr,Lijepo mjesto i ljubazno osoblje
"prosjecno fina hrana, ljubazni konobari svi osim jednog",3.0,hr,"prosjecno fina hrana, ljubazni konobari svi osim jednog"
"Muzika vrlo dobra, hrana ukusna sve super.",5.0,hr,"Muzika vrlo dobra, hrana ukusna sve super."
"Ugodan ambijent, ukusna hrana, vrlo ljubazno osoblje.",5.0,hr,"Ugodan ambijent, ukusna hrana, vrlo ljubazno osoblje."
"Odlicna hrana, susretljiv gazda i strucno osoblje",5.0,hr,"Odlicna hrana, susretljiv gazda i strucno osoblje"
Savršena klopa...odlično osoblje...,5.0,bs,Savršena klopa...odlično osoblje...
Usluge i cijene u redu. Loša lokacija.,3.0,bs,Usluge i cijene u redu. Loša lokacija.
Jako fina hrana po povoljnim cijenama.,5.0,hr,Jako fina hrana po povoljnim cijenama.
"Vrlo ljubazni i profesionalni konobari, osrednja hrana, lijep ambijent",4.0,hr,"Vrlo ljubazni i profesionalni konobari, osrednja hrana, lijep ambijent"
Super mjesto za organizaciju vjenčanja !,5.0,hr,Super mjesto za organizaciju vjenčanja !
Kratko i jasno superrrrr...,5.0,hr,Kratko i jasno superrrrr...
Za 35 kuna se dobro najedeš i to je to,3.0,hr,Za 35 kuna se dobro najedeš i to je to
Prostrani restoran sa 2sata besplatnog parkinga kod Cromosovog tornja,4.0,bs,Prostrani restoran sa 2sata besplatnog parkinga kod Cromosovog tornja
Riblja plata odlično začinjena!,5.0,bs,Riblja plata odlično začinjena!
Odlicno mjesto za svadbene proslave. Malo je premoderno.,4.0,hr,Odlicno mjesto za svadbene proslave. Malo je premoderno.
"super za svadbe, visoka razina posluživanja",5.0,hr,"super za svadbe, visoka razina posluživanja"
Hrana odlična i ambijent prekrasan,5.0,hr,Hrana odlična i ambijent prekrasan
Najbolji doček nove godine!,5.0,hr,Najbolji doček nove godine!
"Ljubazno osoblje, hrana savršena",5.0,hr,"Ljubazno osoblje, hrana savršena"
Ti treba zatvorit 3 konobara a 200 ljudi ceka,1.0,hr,Ti treba zatvorit 3 konobara a 200 ljudi ceka
"Atmosfera ugodna, uslužno i profesionalno osoblje",4.0,hr,"Atmosfera ugodna, uslužno i profesionalno osoblje"
"Cisto,ugodno,dobra hrana ima i bolje ...",4.0,hr,"Cisto,ugodno,dobra hrana ima i bolje ..."
Nije lose dobra klopa preporucujem,5.0,bs,Nije lose dobra klopa preporucujem
"Hrana vrhunska, usluga besprijekorna. Vratiti se, naravno.",5.0,hr,"Hrana vrhunska, usluga besprijekorna. Vratiti se, naravno."
Super mjesto za svečanosti i domjenke,5.0,hr,Super mjesto za svečanosti i domjenke
Es war wirklich sehr schön. Alles war sehr Exzelent ich würde jeden tag hier her kommen,5.0,de,"Bilo je stvarno jako lijepo.Sve je bilo vrlo izvrsno, dolazio bih ovdje svaki dan"
Fin ..uredan i jako lijepo uređen restoran ...jako dobra hrana ....sve 5,5.0,hr,Fin ..uredan i jako lijepo uređen restoran ...jako dobra hrana ....sve 5
"Ugodno,lijepo ,sa dobrim osobljem.",5.0,hr,"Ugodno,lijepo ,sa dobrim osobljem."
Ugodan ambijent dobra posluga i ukusna hrana....,5.0,hr,Ugodan ambijent dobra posluga i ukusna hrana....
solidno mjesto za dnevni gablec ili neke proslave,3.0,hr,solidno mjesto za dnevni gablec ili neke proslave
"Uredno,osoblje brzo i sve ostalo u redu",4.0,hr,"Uredno,osoblje brzo i sve ostalo u redu"
"Izuzetno nepristojno, neprofesionalno i nekompetentno vodstvo restorana.",1.0,hr,"Izuzetno nepristojno, neprofesionalno i nekompetentno vodstvo restorana."
Jako dobra hrana i uljudno osoblje.,5.0,hr,Jako dobra hrana i uljudno osoblje.
"izuzetno ukusna hrana, svjeze salate!",5.0,hr,"izuzetno ukusna hrana, svjeze salate!"
Lijepi prostor Dobro prostrano Ima parking,4.0,hr,Lijepi prostor Dobro prostrano Ima parking
Uvijek ljubazno osoblje i fina klopa,5.0,hr,Uvijek ljubazno osoblje i fina klopa
Organizacija je jako loša..,2.0,hr,Organizacija je jako loša..
"Predivan ambijent ,ugodna atmosfera fina hrana .",4.0,hr,"Predivan ambijent ,ugodna atmosfera fina hrana ."
Osoblje bi pot hitno trebalo pomladiti,2.0,hr,Osoblje bi pot hitno trebalo pomladiti
Solidna i jeftina kuhinja. Free wi fi,3.0,hr,Solidna i jeftina kuhinja. Free wi fi
Dobra hrana za prihvatljivu cijenu,4.0,hr,Dobra hrana za prihvatljivu cijenu
Top... Super odrađen pir... Pohvale,5.0,hr,Top... Super odrađen pir... Pohvale
ร้านใหญ่แต่เสริฟอาหารทัวร์ครับ,4.0,th,"Velika trgovina, ali poslužila turneju"
Odlican ambijent i susretljivost osoblja,5.0,hr,Odlican ambijent i susretljivost osoblja
Odličan ambijent i usluga,5.0,bs,Odličan ambijent i usluga
Odlicna kuhinja iugodan ambijent.,5.0,bs,Odlicna kuhinja iugodan ambijent.
Ugodan prostor i fina papica,5.0,hr,Ugodan prostor i fina papica
Ugodan ambijent. Dobra glazba.,5.0,hr,Ugodan ambijent. Dobra glazba.
J3dna od boljih sala.za vjencanja,5.0,hr,J3dna od boljih sala.za vjencanja
Ugodan restoran sa ukusnom hranom.,4.0,hr,Ugodan restoran sa ukusnom hranom.
"Lijepo uređemo, dobra hrana",4.0,hr,"Lijepo uređemo, dobra hrana"
NAJBOLJI RESTORAN U ZAGREBU,5.0,hr,NAJBOLJI RESTORAN U ZAGREBU
Preporuka za otići na gablec,5.0,hr,Preporuka za otići na gablec
Gutes Restaurant zu vernünftigen Preisen.,4.0,de,Dobar restoran po povoljnim cijenama.
Parking space Plenty of parking  Parking options Free parking lot,5.0,en,Parkirno mjesto puno mogućnosti parkiranja na parkiranju Besplatno parkiralište
"Parking: Veliko parkiralište u krugu restorana, prvih 2 sata besplatno a nakon isteka od 2 sata ide 10 kuna po satu.",5.0,hr,"Parking: Veliko parkiralište u krugu restorana, prvih 2 sata besplatno a nakon isteka od 2 sata ide 10 kuna po satu."
