Restaurant Name,Last scraping attempt,Last scraping attempt date
Esplanade Zagreb Hotel,,
Fisherija,Failed,2024-03-08 14:43:00
Korica,Failed,2024-03-08 14:43:00
Health n joy,Success,2024-03-08 14:39:00
Restoran Lido,Failed,2024-03-08 14:44:00
Stella bar & Vip restoran,Success,2024-03-08 14:44:00
Restoran HAS,Success,2024-03-08 14:44:00
superplanty,Success,2024-03-08 14:40:00
Rougemarin City,Success,2024-03-08 14:40:00
Kaptolska klet,Success,2024-03-08 14:45:00
Bistro RadniÄ‡,Success,2024-03-08 14:48:00
Restorani Rustica - ZAGREB,Success,2024-03-08 14:49:00
King Tomislav,Failed,2024-03-08 14:50:00
Byblos Restaurant,Success,2024-03-08 14:50:00
Bonita Caffe & Sandwich Bar,Success,2024-03-08 14:51:00
Curry Bowl,Success,2024-03-08 14:52:00
Pizzeria Zero Zero,Success,2024-03-08 14:52:00
MS Grill,Success,2024-03-08 14:59:00
Sultan kebab house,Success,2024-03-08 15:00:00
Vinodol,Failed,2024-03-08 15:01:00
Restoran Bicko,Success,2024-03-08 15:02:00
Bistro Amfora,Success,2024-03-08 15:04:00
Restoran Prosikito,Success,2024-03-08 15:07:00
Restoran Cydonia,Success,2024-03-08 15:09:00
Merlot wine & dine,Failed,2024-03-08 15:11:00
Restaurant & Bar Frida,Failed,2024-03-08 15:12:00
Mr. Chen,Success,2024-03-08 15:12:00
L' oro di Napoli,Success,2024-03-08 15:12:00
OranÅ¾ Bistro & Wine Bar,Failed,2024-03-08 15:16:00
Restaurant Tomassino,Success,2024-03-08 15:17:00
Domino's Pizza - Kneza Mislava,Failed,2024-03-08 15:18:00
El Greco,Success,2024-03-08 15:19:00
Restoran Zelendvor,Success,2024-03-08 15:19:00
Takenoko Zagreb,,
Canzona - Trattoria,Success,2024-03-08 15:23:00
Marenda Niko,Success,2024-03-08 15:30:00
Ponistra,Success,2024-03-08 15:31:00
Barbieri's,Success,2024-03-08 15:34:00
Leonardo trattoria & pizzeria,Success,2024-03-08 15:34:00
sopal - fun dining wine bar,Success,2024-03-08 15:35:00
Vallis Aurea,Success,2024-03-08 15:37:00
VODNJANKA Zagreb,,
Bistro Å pajza - Zagreb,,
Restoran Kaiser,Success,2024-03-08 15:40:00
Lari & Penati,Failed,2024-03-08 15:42:00
Rougemarin Bistro,Failed,2024-03-08 15:42:00
Theatrium by Filho,Success,2024-03-08 15:43:00
"Restoran ""Dubravkin put""",Failed,2024-03-08 15:43:00
Gostionica Ficlek,Failed,2024-03-08 15:47:00
Boogie Lab Zagreb,,
TIME Restaurant & Bar,,
Restoran Bon Appetit,,
"Restoran ""Mali Bar""",,
Umami RadniÄka,,
La Å truk,,
"Restoran ""Odeon""",,
Restoran Nokturno,,
Poke Poke,,
Konoba Restaurant Time4Wine (Pizza| Grill| Seafood| Croatian restaurant)Gornji grad,,
Evergreen Sushi Bar,,
Konoba MaÅ¡klin i Lata,,
Salo,,
Restoran Marun,,
Bota-Å are Restaurant,,
Pizzeria Lira Grill,,
Restaurant Nav,,
NOMU sushi & wine,,
Pod Zidom,,
Bistro BeÅ¡tija,,
Max i Mir Zagreb,,
Eateria,,
Maredo Zagreb,,
OAZA Joyful Kitchen,,
Ristorante Carpaccio,,
Cheese Bar,,
Roots - juice & cocktail bar,,
"Restaurant and Caffe ""Muzej""",,
Bistro RibiÄ Zagreb,,
Etno Park Zagreb,,
Restoran Å arm,,
Pri Zvoncu,,
Atlanta Bocca Marai,,
Umami Branimir centar,,
"Restoran ""Kod Pere""",,
Pingvin,,
Konoba Didov San - Gornji Grad,,
Snogu - Zagreb,,
KuÄ‡a tete Ane,,
Namaste Bistro,,
Royal India,,
Pivnica Medvedgrad,,
Kungfu Express,,
Torero Restaurant,,
3Hugs Vegan Brunch Bar,,
Sakura Sushi Restaurant,,
Le Bistro,,
Restoran Potkova,,
Bekal,,
Restoran Vegehop,,
Japanski restoran Tekka,,
Noel,,
La Nostra Casa,,
LaÅ¡Ä‡inska Klet - Restoran - FerenÄina,,
Restoran Apetitlih,,
"Bistro ""Kod VukuÅ¡iÄ‡a""",,
ÄŒuÅ¡pajz & FaÅ¡iranac,,
Templar Club Zagreb,,
"Kata Brunch Bar br.2, 100% gluten free",,
Pivnica Mali Medo,,
"Al Papone - grill, pasta & breakfast",,
Fina klopa,,
Grill Tomislav,,
Restoran Vagabund,,
SOL tapas na hrvatski,,
Restoran Ragusa,,
Restaurant Piccolo Zagreb,,
American Steak & Grill House Zagreb Restaurant,,
Restoran Stare Skaline,,
KAVKAZ kazaliÅ¡na kavana,,
Purple Monkey Place,,
Wok by Matija,,
Pani Zagreb,,
Restoran C6,,
Bistro FetiÅ¡ - gluten free food,,
Matsu Sv. Duh,,
Restoran,,
Konoba Bracera,,
Nico's Bar & Bistro,,
Shambala,,
Kai street food,,
HERITAGE - Croatian Street Food & Shop,,
Il Secondo,,
IzletiÅ¡te Zelenjak,,
Tvornica Pljeskavica Kosta - Kod Koste,,
Restaurant All Saints,,
Restoran Matrix,,
Restoran Sv. Nikola,,
Lanterna na Dolcu,,
Mano2,,
Steakhouse El Toro,,
Restoran Casablanca,,
Restoran Baltazar,,
Vinska Klet,,
Gladne oÄi,,
Buffet Antin Gaj,,
Pivnica Budweiser,,
Pilana Bliznec,,
Pivnica i pivovara Mlinarica,,
Ali Kebaba,,
Kaptol Zagreb restoran i caffe bar,,
Gallo,,
Stari Fijaker,,
Restoran Bonaca,,
Bistro FotiÄ‡,,
Grill bar Chevo's,,
Imenso Sushi,,
Wok 'n' Walk,,
Restoran Korkyra,,
"fast food ""Big Mamma""",,
Fuego Fresh Latin,,
Khala Restaurant & Bar,,
Pithos,,
Å½ğ’Šğ’“ğ’‚ğ’‡ğ’‡ğ’‚ ğ‘­ğ’ğ’ğ’…,,
Savica Casual Urban Eatery,,
Brewbites,,
Gostionica Purger,,
Pizzeria Basta,,
Ukusno i .,,
Chicken House Zagreb,,
Batak TkalÄiÄ‡eva,,
Food Garden,,
Meet Mia,,
Al Dente Zagreb,,
Balance brunch & bakery,,
Restoran Bonaca Nova,,
Thai Thai street food,,
Trilogija Fino&vino,,
Riblji Fast Food,,
5BigFive,,
Good Food,,
Pizza Reâ€,,
Hotel i restoran Mali raj,,
Restoran TaÄ,,
Bistro ToÄkica,,
Asia Gold Cuisine,,
SILK - Pan-Asian Fresh Street Food - Zagreb,,
Cunami,,
Magazinska klet - Pri staroj smokvi,,
Restoran Izakaya,,
Torikaya Ramen Bar,,
"Fish _Restoran ""Ribice i tri toÄkice""",,
YEZI Zagreb,,
Restoran KvatriÄ‡,,
Black Piggy,,
Zalogajnica Kod Å ime,,
Burgeraj,,
Restoran Zagreb,,
"Restoran ""Zlatna Å¡koljka""",,
Otto & Frank,,
Luca's Pizza & Pasta,,
Zrno bio bistro,,
Cro.K Restaurant,,
Plac Kitchen & Grill,,
Bistro Apetit by Marin RendiÄ‡,,
Pizzeria & Spaghtteria Capuciner,,
Sofra - Borovje,,
O'brok Restoran,,
Buffet Mimice,,
Restoran Argante,,
EGGSPRESS,,
Submarine Burger TkalÄiÄ‡eva,,
Gajbica,,
Restoran UspinjaÄa,,
Restoran Zinfandel's,,
Boban caffe & restoran,,
Lobby Food&Mood,,
